Entity,Code,Year,AI scholarly publications - Field: All
Afghanistan,AFG,2017,1
Afghanistan,AFG,2018,2
Afghanistan,AFG,2019,8
Afghanistan,AFG,2020,11
Afghanistan,AFG,2021,16
Afghanistan,AFG,2022,47
Afghanistan,AFG,2023,45
Afghanistan,AFG,2024,72
Africa,OWID_AFR,2016,3254
Africa,OWID_AFR,2017,3437
Africa,OWID_AFR,2018,3991
Africa,OWID_AFR,2019,4618
Africa,OWID_AFR,2020,5981
Africa,OWID_AFR,2021,7482
Africa,OWID_AFR,2022,8698
Africa,OWID_AFR,2023,10130
Africa,OWID_AFR,2024,10801
Africa (CSET),,2016,3215
Africa (CSET),,2017,3372
Africa (CSET),,2018,3909
Africa (CSET),,2019,4518
Africa (CSET),,2020,5791
Africa (CSET),,2021,7186
Africa (CSET),,2022,8271
Africa (CSET),,2023,9525
Africa (CSET),,2024,10215
Albania,ALB,2016,15
Albania,ALB,2017,26
Albania,ALB,2018,21
Albania,ALB,2019,19
Albania,ALB,2020,18
Albania,ALB,2021,37
Albania,ALB,2022,37
Albania,ALB,2023,66
Albania,ALB,2024,69
Algeria,DZA,2016,520
Algeria,DZA,2017,512
Algeria,DZA,2018,703
Algeria,DZA,2019,638
Algeria,DZA,2020,699
Algeria,DZA,2021,812
Algeria,DZA,2022,973
Algeria,DZA,2023,931
Algeria,DZA,2024,1228
Andorra,AND,2016,2
Andorra,AND,2023,1
Andorra,AND,2024,1
Angola,AGO,2016,2
Angola,AGO,2017,2
Angola,AGO,2018,1
Angola,AGO,2019,6
Angola,AGO,2020,4
Angola,AGO,2021,2
Angola,AGO,2022,20
Angola,AGO,2023,28
Angola,AGO,2024,15
Antigua and Barbuda,ATG,2023,2
Antigua and Barbuda,ATG,2024,6
Argentina,ARG,2016,220
Argentina,ARG,2017,229
Argentina,ARG,2018,283
Argentina,ARG,2019,256
Argentina,ARG,2020,339
Argentina,ARG,2021,317
Argentina,ARG,2022,233
Argentina,ARG,2023,295
Argentina,ARG,2024,289
Armenia,ARM,2016,10
Armenia,ARM,2017,26
Armenia,ARM,2018,22
Armenia,ARM,2019,17
Armenia,ARM,2020,34
Armenia,ARM,2021,43
Armenia,ARM,2022,52
Armenia,ARM,2023,96
Armenia,ARM,2024,69
Asia,OWID_ASI,2016,56604
Asia,OWID_ASI,2017,65635
Asia,OWID_ASI,2018,83751
Asia,OWID_ASI,2019,105527
Asia,OWID_ASI,2020,125322
Asia,OWID_ASI,2021,161154
Asia,OWID_ASI,2022,177873
Asia,OWID_ASI,2023,225039
Asia,OWID_ASI,2024,247243
Asia (CSET),,2016,55610
Asia (CSET),,2017,64653
Asia (CSET),,2018,82254
Asia (CSET),,2019,103063
Asia (CSET),,2020,120691
Asia (CSET),,2021,153657
Asia (CSET),,2022,166294
Asia (CSET),,2023,210649
Asia (CSET),,2024,230450
Australia,AUS,2016,3060
Australia,AUS,2017,3231
Australia,AUS,2018,4029
Australia,AUS,2019,4998
Australia,AUS,2020,6056
Australia,AUS,2021,6762
Australia,AUS,2022,6338
Australia,AUS,2023,7771
Australia,AUS,2024,7605
Austria,AUT,2016,953
Austria,AUT,2017,1000
Austria,AUT,2018,1157
Austria,AUT,2019,1398
Austria,AUT,2020,1587
Austria,AUT,2021,1811
Austria,AUT,2022,1887
Austria,AUT,2023,1985
Austria,AUT,2024,1801
Azerbaijan,AZE,2016,34
Azerbaijan,AZE,2017,24
Azerbaijan,AZE,2018,53
Azerbaijan,AZE,2019,47
Azerbaijan,AZE,2020,53
Azerbaijan,AZE,2021,84
Azerbaijan,AZE,2022,87
Azerbaijan,AZE,2023,131
Azerbaijan,AZE,2024,132
Bahamas,BHS,2018,1
Bahamas,BHS,2019,1
Bahamas,BHS,2021,3
Bahamas,BHS,2022,3
Bahamas,BHS,2023,2
Bahamas,BHS,2024,2
Bahrain,BHR,2016,20
Bahrain,BHR,2017,14
Bahrain,BHR,2018,33
Bahrain,BHR,2019,37
Bahrain,BHR,2020,61
Bahrain,BHR,2021,111
Bahrain,BHR,2022,164
Bahrain,BHR,2023,196
Bahrain,BHR,2024,271
Bangladesh,BGD,2016,308
Bangladesh,BGD,2017,475
Bangladesh,BGD,2018,659
Bangladesh,BGD,2019,1116
Bangladesh,BGD,2020,1357
Bangladesh,BGD,2021,2022
Bangladesh,BGD,2022,1881
Bangladesh,BGD,2023,2565
Bangladesh,BGD,2024,3185
Barbados,BRB,2017,1
Barbados,BRB,2018,2
Barbados,BRB,2019,4
Barbados,BRB,2020,2
Barbados,BRB,2021,3
Barbados,BRB,2022,5
Barbados,BRB,2023,7
Barbados,BRB,2024,9
Belarus,BLR,2016,76
Belarus,BLR,2017,54
Belarus,BLR,2018,62
Belarus,BLR,2019,101
Belarus,BLR,2020,94
Belarus,BLR,2021,98
Belarus,BLR,2022,103
Belarus,BLR,2023,111
Belarus,BLR,2024,112
Belgium,BEL,2016,1055
Belgium,BEL,2017,1057
Belgium,BEL,2018,1293
Belgium,BEL,2019,1373
Belgium,BEL,2020,1685
Belgium,BEL,2021,1827
Belgium,BEL,2022,1894
Belgium,BEL,2023,1983
Belgium,BEL,2024,1817
Belize,BLZ,2019,1
Belize,BLZ,2020,3
Belize,BLZ,2023,3
Belize,BLZ,2024,2
Benin,BEN,2016,11
Benin,BEN,2017,7
Benin,BEN,2018,10
Benin,BEN,2019,10
Benin,BEN,2020,20
Benin,BEN,2021,12
Benin,BEN,2022,29
Benin,BEN,2023,32
Benin,BEN,2024,34
Bhutan,BTN,2016,1
Bhutan,BTN,2017,3
Bhutan,BTN,2019,3
Bhutan,BTN,2020,5
Bhutan,BTN,2021,13
Bhutan,BTN,2022,11
Bhutan,BTN,2023,9
Bhutan,BTN,2024,7
Bolivia,BOL,2016,2
Bolivia,BOL,2017,3
Bolivia,BOL,2018,5
Bolivia,BOL,2019,3
Bolivia,BOL,2020,5
Bolivia,BOL,2021,8
Bolivia,BOL,2022,9
Bolivia,BOL,2023,16
Bolivia,BOL,2024,21
Bosnia and Herzegovina,BIH,2016,63
Bosnia and Herzegovina,BIH,2017,84
Bosnia and Herzegovina,BIH,2018,106
Bosnia and Herzegovina,BIH,2019,119
Bosnia and Herzegovina,BIH,2020,109
Bosnia and Herzegovina,BIH,2021,124
Bosnia and Herzegovina,BIH,2022,117
Bosnia and Herzegovina,BIH,2023,143
Bosnia and Herzegovina,BIH,2024,128
Botswana,BWA,2016,12
Botswana,BWA,2017,12
Botswana,BWA,2018,6
Botswana,BWA,2019,13
Botswana,BWA,2020,16
Botswana,BWA,2021,44
Botswana,BWA,2022,33
Botswana,BWA,2023,53
Botswana,BWA,2024,76
Brazil,BRA,2016,2037
Brazil,BRA,2017,2204
Brazil,BRA,2018,2942
Brazil,BRA,2019,3350
Brazil,BRA,2020,3844
Brazil,BRA,2021,3948
Brazil,BRA,2022,3279
Brazil,BRA,2023,3619
Brazil,BRA,2024,3209
Brunei,BRN,2016,22
Brunei,BRN,2017,17
Brunei,BRN,2018,15
Brunei,BRN,2019,28
Brunei,BRN,2020,35
Brunei,BRN,2021,54
Brunei,BRN,2022,96
Brunei,BRN,2023,129
Brunei,BRN,2024,106
Bulgaria,BGR,2016,140
Bulgaria,BGR,2017,165
Bulgaria,BGR,2018,223
Bulgaria,BGR,2019,292
Bulgaria,BGR,2020,285
Bulgaria,BGR,2021,349
Bulgaria,BGR,2022,351
Bulgaria,BGR,2023,453
Bulgaria,BGR,2024,476
Burkina Faso,BFA,2016,2
Burkina Faso,BFA,2017,2
Burkina Faso,BFA,2018,5
Burkina Faso,BFA,2019,5
Burkina Faso,BFA,2020,10
Burkina Faso,BFA,2021,14
Burkina Faso,BFA,2022,18
Burkina Faso,BFA,2023,20
Burkina Faso,BFA,2024,33
Burundi,BDI,2018,2
Burundi,BDI,2019,11
Burundi,BDI,2020,2
Burundi,BDI,2021,6
Burundi,BDI,2022,2
Burundi,BDI,2023,10
Burundi,BDI,2024,1
Cambodia,KHM,2016,6
Cambodia,KHM,2017,4
Cambodia,KHM,2018,12
Cambodia,KHM,2019,9
Cambodia,KHM,2020,12
Cambodia,KHM,2021,18
Cambodia,KHM,2022,28
Cambodia,KHM,2023,34
Cambodia,KHM,2024,43
Cameroon,CMR,2016,11
Cameroon,CMR,2017,22
Cameroon,CMR,2018,24
Cameroon,CMR,2019,37
Cameroon,CMR,2020,57
Cameroon,CMR,2021,60
Cameroon,CMR,2022,63
Cameroon,CMR,2023,93
Cameroon,CMR,2024,116
Canada,CAN,2016,3550
Canada,CAN,2017,3879
Canada,CAN,2018,4641
Canada,CAN,2019,5989
Canada,CAN,2020,7456
Canada,CAN,2021,8703
Canada,CAN,2022,7786
Canada,CAN,2023,9083
Canada,CAN,2024,8444
Cape Verde,CPV,2017,3
Cape Verde,CPV,2018,2
Cape Verde,CPV,2019,1
Cape Verde,CPV,2024,3
Chad,TCD,2017,1
Chad,TCD,2021,2
Chad,TCD,2022,1
Chad,TCD,2023,5
Chad,TCD,2024,6
Chile,CHL,2016,252
Chile,CHL,2017,244
Chile,CHL,2018,298
Chile,CHL,2019,342
Chile,CHL,2020,417
Chile,CHL,2021,522
Chile,CHL,2022,459
Chile,CHL,2023,552
Chile,CHL,2024,577
China,CHN,2016,21986
China,CHN,2017,26614
China,CHN,2018,35864
China,CHN,2019,47618
China,CHN,2020,55081
China,CHN,2021,71746
China,CHN,2022,82350
China,CHN,2023,104198
China,CHN,2024,116434
Colombia,COL,2016,413
Colombia,COL,2017,495
Colombia,COL,2018,588
Colombia,COL,2019,672
Colombia,COL,2020,780
Colombia,COL,2021,794
Colombia,COL,2022,601
Colombia,COL,2023,722
Colombia,COL,2024,685
Comoros,COM,2023,5
Comoros,COM,2024,8
Congo,COG,2016,2
Congo,COG,2017,4
Congo,COG,2018,6
Congo,COG,2019,4
Congo,COG,2020,5
Congo,COG,2021,19
Congo,COG,2022,16
Congo,COG,2023,39
Congo,COG,2024,41
Costa Rica,CRI,2016,23
Costa Rica,CRI,2017,23
Costa Rica,CRI,2018,48
Costa Rica,CRI,2019,58
Costa Rica,CRI,2020,57
Costa Rica,CRI,2021,55
Costa Rica,CRI,2022,58
Costa Rica,CRI,2023,49
Costa Rica,CRI,2024,71
Cote d'Ivoire,CIV,2016,7
Cote d'Ivoire,CIV,2017,8
Cote d'Ivoire,CIV,2018,9
Cote d'Ivoire,CIV,2019,7
Cote d'Ivoire,CIV,2020,17
Cote d'Ivoire,CIV,2021,16
Cote d'Ivoire,CIV,2022,21
Cote d'Ivoire,CIV,2023,28
Cote d'Ivoire,CIV,2024,22
Croatia,HRV,2016,237
Croatia,HRV,2017,233
Croatia,HRV,2018,265
Croatia,HRV,2019,277
Croatia,HRV,2020,370
Croatia,HRV,2021,434
Croatia,HRV,2022,427
Croatia,HRV,2023,475
Croatia,HRV,2024,435
Cuba,CUB,2016,80
Cuba,CUB,2017,74
Cuba,CUB,2018,104
Cuba,CUB,2019,105
Cuba,CUB,2020,87
Cuba,CUB,2021,104
Cuba,CUB,2022,41
Cuba,CUB,2023,28
Cuba,CUB,2024,48
Cyprus,CYP,2016,141
Cyprus,CYP,2017,167
Cyprus,CYP,2018,181
Cyprus,CYP,2019,213
Cyprus,CYP,2020,278
Cyprus,CYP,2021,352
Cyprus,CYP,2022,337
Cyprus,CYP,2023,427
Cyprus,CYP,2024,438
Czechia,CZE,2016,782
Czechia,CZE,2017,810
Czechia,CZE,2018,876
Czechia,CZE,2019,965
Czechia,CZE,2020,1017
Czechia,CZE,2021,1152
Czechia,CZE,2022,1034
Czechia,CZE,2023,1129
Czechia,CZE,2024,867
Denmark,DNK,2016,697
Denmark,DNK,2017,754
Denmark,DNK,2018,975
Denmark,DNK,2019,1126
Denmark,DNK,2020,1365
Denmark,DNK,2021,1775
Denmark,DNK,2022,1825
Denmark,DNK,2023,2147
Denmark,DNK,2024,2200
Djibouti,DJI,2017,1
Djibouti,DJI,2023,2
Djibouti,DJI,2024,1
Dominica,DMA,2017,1
Dominica,DMA,2019,2
Dominica,DMA,2023,2
Dominica,DMA,2024,3
Dominican Republic,DOM,2016,2
Dominican Republic,DOM,2017,1
Dominican Republic,DOM,2018,5
Dominican Republic,DOM,2019,5
Dominican Republic,DOM,2020,5
Dominican Republic,DOM,2021,3
Dominican Republic,DOM,2022,4
Dominican Republic,DOM,2023,6
Dominican Republic,DOM,2024,18
East Timor,TLS,2017,1
East Timor,TLS,2018,3
East Timor,TLS,2019,2
East Timor,TLS,2021,4
East Timor,TLS,2022,3
East Timor,TLS,2023,6
East Timor,TLS,2024,3
Ecuador,ECU,2016,153
Ecuador,ECU,2017,306
Ecuador,ECU,2018,340
Ecuador,ECU,2019,377
Ecuador,ECU,2020,371
Ecuador,ECU,2021,385
Ecuador,ECU,2022,294
Ecuador,ECU,2023,409
Ecuador,ECU,2024,454
Egypt,EGY,2016,701
Egypt,EGY,2017,746
Egypt,EGY,2018,902
Egypt,EGY,2019,1096
Egypt,EGY,2020,1498
Egypt,EGY,2021,1982
Egypt,EGY,2022,2403
Egypt,EGY,2023,2662
Egypt,EGY,2024,2390
El Salvador,SLV,2016,2
El Salvador,SLV,2017,3
El Salvador,SLV,2018,7
El Salvador,SLV,2019,4
El Salvador,SLV,2020,8
El Salvador,SLV,2021,7
El Salvador,SLV,2022,19
El Salvador,SLV,2023,14
El Salvador,SLV,2024,21
Equatorial Guinea,GNQ,2020,1
Equatorial Guinea,GNQ,2021,1
Equatorial Guinea,GNQ,2022,1
Equatorial Guinea,GNQ,2023,1
Eritrea,ERI,2021,1
Eritrea,ERI,2022,2
Eritrea,ERI,2023,4
Eritrea,ERI,2024,8
Estonia,EST,2016,72
Estonia,EST,2017,97
Estonia,EST,2018,129
Estonia,EST,2019,147
Estonia,EST,2020,224
Estonia,EST,2021,247
Estonia,EST,2022,253
Estonia,EST,2023,293
Estonia,EST,2024,260
Eswatini,SWZ,2016,1
Eswatini,SWZ,2017,1
Eswatini,SWZ,2018,2
Eswatini,SWZ,2019,1
Eswatini,SWZ,2020,6
Eswatini,SWZ,2021,5
Eswatini,SWZ,2022,8
Eswatini,SWZ,2023,4
Eswatini,SWZ,2024,8
Ethiopia,ETH,2016,25
Ethiopia,ETH,2017,38
Ethiopia,ETH,2018,47
Ethiopia,ETH,2019,68
Ethiopia,ETH,2020,129
Ethiopia,ETH,2021,268
Ethiopia,ETH,2022,588
Ethiopia,ETH,2023,410
Ethiopia,ETH,2024,474
Europe,OWID_EUR,2016,44690
Europe,OWID_EUR,2017,47777
Europe,OWID_EUR,2018,55954
Europe,OWID_EUR,2019,66293
Europe,OWID_EUR,2020,76993
Europe,OWID_EUR,2021,86970
Europe,OWID_EUR,2022,83607
Europe,OWID_EUR,2023,95616
Europe,OWID_EUR,2024,89432
Europe (CSET),,2016,38446
Europe (CSET),,2017,41285
Europe (CSET),,2018,48319
Europe (CSET),,2019,57415
Europe (CSET),,2020,66236
Europe (CSET),,2021,74910
Europe (CSET),,2022,71477
Europe (CSET),,2023,82153
Europe (CSET),,2024,77825
European Union (CSET),,2016,28360
European Union (CSET),,2017,29508
European Union (CSET),,2018,33971
European Union (CSET),,2019,39742
European Union (CSET),,2020,45352
European Union (CSET),,2021,51321
European Union (CSET),,2022,49523
European Union (CSET),,2023,56428
European Union (CSET),,2024,53351
Fiji,FJI,2016,29
Fiji,FJI,2017,24
Fiji,FJI,2018,18
Fiji,FJI,2019,26
Fiji,FJI,2020,38
Fiji,FJI,2021,37
Fiji,FJI,2022,32
Fiji,FJI,2023,36
Fiji,FJI,2024,37
Finland,FIN,2016,677
Finland,FIN,2017,688
Finland,FIN,2018,852
Finland,FIN,2019,1140
Finland,FIN,2020,1286
Finland,FIN,2021,1496
Finland,FIN,2022,1436
Finland,FIN,2023,1607
Finland,FIN,2024,1512
France,FRA,2016,5445
France,FRA,2017,5443
France,FRA,2018,6111
France,FRA,2019,6971
France,FRA,2020,7335
France,FRA,2021,7640
France,FRA,2022,7354
France,FRA,2023,7895
France,FRA,2024,7681
Gabon,GAB,2017,1
Gabon,GAB,2019,2
Gabon,GAB,2020,2
Gabon,GAB,2021,2
Gabon,GAB,2022,18
Gabon,GAB,2023,10
Gabon,GAB,2024,6
Gambia,GMB,2016,1
Gambia,GMB,2019,1
Gambia,GMB,2020,1
Gambia,GMB,2021,4
Gambia,GMB,2022,2
Gambia,GMB,2023,7
Gambia,GMB,2024,5
Georgia,GEO,2016,14
Georgia,GEO,2017,12
Georgia,GEO,2018,23
Georgia,GEO,2019,17
Georgia,GEO,2020,35
Georgia,GEO,2021,42
Georgia,GEO,2022,38
Georgia,GEO,2023,49
Georgia,GEO,2024,69
Germany,DEU,2016,6292
Germany,DEU,2017,6755
Germany,DEU,2018,7952
Germany,DEU,2019,9599
Germany,DEU,2020,11436
Germany,DEU,2021,13127
Germany,DEU,2022,12419
Germany,DEU,2023,14047
Germany,DEU,2024,12793
Ghana,GHA,2016,18
Ghana,GHA,2017,26
Ghana,GHA,2018,55
Ghana,GHA,2019,71
Ghana,GHA,2020,83
Ghana,GHA,2021,173
Ghana,GHA,2022,229
Ghana,GHA,2023,212
Ghana,GHA,2024,277
Greece,GRC,2016,908
Greece,GRC,2017,817
Greece,GRC,2018,1072
Greece,GRC,2019,1150
Greece,GRC,2020,1474
Greece,GRC,2021,1889
Greece,GRC,2022,1868
Greece,GRC,2023,2222
Greece,GRC,2024,2011
Grenada,GRD,2017,1
Grenada,GRD,2018,3
Grenada,GRD,2019,1
Grenada,GRD,2020,4
Grenada,GRD,2021,3
Grenada,GRD,2022,1
Grenada,GRD,2023,5
Grenada,GRD,2024,12
Guatemala,GTM,2016,2
Guatemala,GTM,2017,10
Guatemala,GTM,2018,6
Guatemala,GTM,2019,15
Guatemala,GTM,2020,13
Guatemala,GTM,2021,10
Guatemala,GTM,2022,4
Guatemala,GTM,2023,32
Guatemala,GTM,2024,20
Guinea,GIN,2021,1
Guinea,GIN,2022,1
Guinea,GIN,2023,3
Guinea-Bissau,GNB,2018,1
Guyana,GUY,2017,2
Guyana,GUY,2020,1
Guyana,GUY,2022,1
Guyana,GUY,2023,5
Guyana,GUY,2024,11
Haiti,HTI,2016,1
Haiti,HTI,2018,1
Haiti,HTI,2019,1
Haiti,HTI,2020,1
Haiti,HTI,2021,1
Haiti,HTI,2022,3
Haiti,HTI,2023,1
Haiti,HTI,2024,2
Honduras,HND,2016,1
Honduras,HND,2017,2
Honduras,HND,2018,6
Honduras,HND,2019,14
Honduras,HND,2020,71
Honduras,HND,2021,22
Honduras,HND,2022,35
Honduras,HND,2023,38
Honduras,HND,2024,33
Hungary,HUN,2016,347
Hungary,HUN,2017,306
Hungary,HUN,2018,441
Hungary,HUN,2019,578
Hungary,HUN,2020,657
Hungary,HUN,2021,714
Hungary,HUN,2022,844
Hungary,HUN,2023,868
Hungary,HUN,2024,918
Iceland,ISL,2016,71
Iceland,ISL,2017,80
Iceland,ISL,2018,57
Iceland,ISL,2019,81
Iceland,ISL,2020,73
Iceland,ISL,2021,63
Iceland,ISL,2022,96
Iceland,ISL,2023,97
Iceland,ISL,2024,88
India,IND,2016,10409
India,IND,2017,11672
India,IND,2018,14333
India,IND,2019,16386
India,IND,2020,21166
India,IND,2021,29472
India,IND,2022,31475
India,IND,2023,43924
India,IND,2024,52054
Indonesia,IDN,2016,1185
Indonesia,IDN,2017,1801
Indonesia,IDN,2018,2638
Indonesia,IDN,2019,3291
Indonesia,IDN,2020,3860
Indonesia,IDN,2021,4560
Indonesia,IDN,2022,5093
Indonesia,IDN,2023,7180
Indonesia,IDN,2024,6750
Iran,IRN,2016,1508
Iran,IRN,2017,1792
Iran,IRN,2018,1718
Iran,IRN,2019,2223
Iran,IRN,2020,2609
Iran,IRN,2021,2963
Iran,IRN,2022,2771
Iran,IRN,2023,3043
Iran,IRN,2024,2968
Iraq,IRQ,2016,280
Iraq,IRQ,2017,383
Iraq,IRQ,2018,492
Iraq,IRQ,2019,758
Iraq,IRQ,2020,1076
Iraq,IRQ,2021,1452
Iraq,IRQ,2022,1942
Iraq,IRQ,2023,2443
Iraq,IRQ,2024,2787
Ireland,IRL,2016,486
Ireland,IRL,2017,471
Ireland,IRL,2018,640
Ireland,IRL,2019,814
Ireland,IRL,2020,989
Ireland,IRL,2021,1112
Ireland,IRL,2022,1108
Ireland,IRL,2023,1466
Ireland,IRL,2024,1430
Israel,ISR,2016,845
Israel,ISR,2017,926
Israel,ISR,2018,1086
Israel,ISR,2019,1321
Israel,ISR,2020,1608
Israel,ISR,2021,1829
Israel,ISR,2022,1471
Israel,ISR,2023,1630
Israel,ISR,2024,1461
Italy,ITA,2016,4016
Italy,ITA,2017,4236
Italy,ITA,2018,4784
Italy,ITA,2019,5488
Italy,ITA,2020,6609
Italy,ITA,2021,7605
Italy,ITA,2022,7675
Italy,ITA,2023,9143
Italy,ITA,2024,9123
Jamaica,JAM,2016,9
Jamaica,JAM,2017,7
Jamaica,JAM,2018,6
Jamaica,JAM,2019,3
Jamaica,JAM,2020,4
Jamaica,JAM,2021,3
Jamaica,JAM,2022,9
Jamaica,JAM,2023,8
Jamaica,JAM,2024,7
Japan,JPN,2016,6736
Japan,JPN,2017,7166
Japan,JPN,2018,8237
Japan,JPN,2019,9319
Japan,JPN,2020,9732
Japan,JPN,2021,10248
Japan,JPN,2022,9885
Japan,JPN,2023,11001
Japan,JPN,2024,10873
Jordan,JOR,2016,203
Jordan,JOR,2017,209
Jordan,JOR,2018,285
Jordan,JOR,2019,378
Jordan,JOR,2020,430
Jordan,JOR,2021,581
Jordan,JOR,2022,715
Jordan,JOR,2023,1045
Jordan,JOR,2024,1175
Kazakhstan,KAZ,2016,90
Kazakhstan,KAZ,2017,111
Kazakhstan,KAZ,2018,140
Kazakhstan,KAZ,2019,201
Kazakhstan,KAZ,2020,251
Kazakhstan,KAZ,2021,342
Kazakhstan,KAZ,2022,310
Kazakhstan,KAZ,2023,493
Kazakhstan,KAZ,2024,632
Kenya,KEN,2016,35
Kenya,KEN,2017,30
Kenya,KEN,2018,42
Kenya,KEN,2019,82
Kenya,KEN,2020,101
Kenya,KEN,2021,122
Kenya,KEN,2022,163
Kenya,KEN,2023,219
Kenya,KEN,2024,232
Kiribati,KIR,2024,1
Kosovo,OWID_KOS,2016,19
Kosovo,OWID_KOS,2017,27
Kosovo,OWID_KOS,2018,20
Kosovo,OWID_KOS,2019,23
Kosovo,OWID_KOS,2020,9
Kosovo,OWID_KOS,2021,23
Kosovo,OWID_KOS,2022,26
Kosovo,OWID_KOS,2023,49
Kosovo,OWID_KOS,2024,55
Kuwait,KWT,2016,47
Kuwait,KWT,2017,48
Kuwait,KWT,2018,64
Kuwait,KWT,2019,67
Kuwait,KWT,2020,125
Kuwait,KWT,2021,128
Kuwait,KWT,2022,189
Kuwait,KWT,2023,257
Kuwait,KWT,2024,345
Kyrgyzstan,KGZ,2016,1
Kyrgyzstan,KGZ,2017,1
Kyrgyzstan,KGZ,2018,2
Kyrgyzstan,KGZ,2019,13
Kyrgyzstan,KGZ,2020,14
Kyrgyzstan,KGZ,2021,25
Kyrgyzstan,KGZ,2022,29
Kyrgyzstan,KGZ,2023,21
Kyrgyzstan,KGZ,2024,32
Laos,LAO,2016,2
Laos,LAO,2017,1
Laos,LAO,2019,3
Laos,LAO,2020,2
Laos,LAO,2021,1
Laos,LAO,2022,2
Laos,LAO,2024,5
Latvia,LVA,2016,46
Latvia,LVA,2017,72
Latvia,LVA,2018,70
Latvia,LVA,2019,88
Latvia,LVA,2020,131
Latvia,LVA,2021,112
Latvia,LVA,2022,114
Latvia,LVA,2023,126
Latvia,LVA,2024,114
Lebanon,LBN,2016,120
Lebanon,LBN,2017,139
Lebanon,LBN,2018,199
Lebanon,LBN,2019,202
Lebanon,LBN,2020,194
Lebanon,LBN,2021,223
Lebanon,LBN,2022,303
Lebanon,LBN,2023,589
Lebanon,LBN,2024,412
Lesotho,LSO,2017,1
Lesotho,LSO,2019,1
Lesotho,LSO,2021,2
Lesotho,LSO,2022,1
Lesotho,LSO,2023,2
Lesotho,LSO,2024,4
Liberia,LBR,2019,1
Liberia,LBR,2021,1
Liberia,LBR,2022,11
Liberia,LBR,2023,3
Liberia,LBR,2024,6
Libya,LBY,2016,17
Libya,LBY,2017,22
Libya,LBY,2018,29
Libya,LBY,2019,28
Libya,LBY,2020,54
Libya,LBY,2021,79
Libya,LBY,2022,99
Libya,LBY,2023,125
Libya,LBY,2024,109
Liechtenstein,LIE,2016,2
Liechtenstein,LIE,2017,4
Liechtenstein,LIE,2018,10
Liechtenstein,LIE,2019,6
Liechtenstein,LIE,2020,15
Liechtenstein,LIE,2021,10
Liechtenstein,LIE,2022,20
Liechtenstein,LIE,2023,18
Liechtenstein,LIE,2024,12
Lithuania,LTU,2016,96
Lithuania,LTU,2017,104
Lithuania,LTU,2018,110
Lithuania,LTU,2019,139
Lithuania,LTU,2020,180
Lithuania,LTU,2021,245
Lithuania,LTU,2022,246
Lithuania,LTU,2023,282
Lithuania,LTU,2024,297
Luxembourg,LUX,2016,132
Luxembourg,LUX,2017,148
Luxembourg,LUX,2018,177
Luxembourg,LUX,2019,169
Luxembourg,LUX,2020,238
Luxembourg,LUX,2021,248
Luxembourg,LUX,2022,242
Luxembourg,LUX,2023,330
Luxembourg,LUX,2024,314
Madagascar,MDG,2016,1
Madagascar,MDG,2017,2
Madagascar,MDG,2018,3
Madagascar,MDG,2019,11
Madagascar,MDG,2020,11
Madagascar,MDG,2021,16
Madagascar,MDG,2022,6
Madagascar,MDG,2023,16
Madagascar,MDG,2024,12
Malawi,MWI,2017,1
Malawi,MWI,2018,1
Malawi,MWI,2019,4
Malawi,MWI,2020,4
Malawi,MWI,2021,8
Malawi,MWI,2022,15
Malawi,MWI,2023,29
Malawi,MWI,2024,35
Malaysia,MYS,2016,1545
Malaysia,MYS,2017,1644
Malaysia,MYS,2018,1994
Malaysia,MYS,2019,2216
Malaysia,MYS,2020,2299
Malaysia,MYS,2021,3269
Malaysia,MYS,2022,3353
Malaysia,MYS,2023,3914
Malaysia,MYS,2024,4243
Maldives,MDV,2017,1
Maldives,MDV,2018,1
Maldives,MDV,2019,2
Maldives,MDV,2020,4
Maldives,MDV,2021,1
Maldives,MDV,2022,7
Maldives,MDV,2023,5
Maldives,MDV,2024,6
Mali,MLI,2016,3
Mali,MLI,2017,5
Mali,MLI,2018,3
Mali,MLI,2019,1
Mali,MLI,2020,4
Mali,MLI,2021,3
Mali,MLI,2022,10
Mali,MLI,2023,5
Mali,MLI,2024,4
Malta,MLT,2016,60
Malta,MLT,2017,69
Malta,MLT,2018,62
Malta,MLT,2019,72
Malta,MLT,2020,82
Malta,MLT,2021,107
Malta,MLT,2022,91
Malta,MLT,2023,96
Malta,MLT,2024,89
Marshall Islands,MHL,2017,1
Mauritania,MRT,2016,2
Mauritania,MRT,2017,1
Mauritania,MRT,2018,1
Mauritania,MRT,2020,2
Mauritania,MRT,2021,5
Mauritania,MRT,2022,4
Mauritania,MRT,2023,8
Mauritania,MRT,2024,7
Mauritius,MUS,2016,6
Mauritius,MUS,2017,9
Mauritius,MUS,2018,21
Mauritius,MUS,2019,29
Mauritius,MUS,2020,25
Mauritius,MUS,2021,35
Mauritius,MUS,2022,43
Mauritius,MUS,2023,48
Mauritius,MUS,2024,49
Mexico,MEX,2016,954
Mexico,MEX,2017,909
Mexico,MEX,2018,1159
Mexico,MEX,2019,1327
Mexico,MEX,2020,1364
Mexico,MEX,2021,1461
Mexico,MEX,2022,1242
Mexico,MEX,2023,1358
Mexico,MEX,2024,1456
Moldova,MDA,2016,7
Moldova,MDA,2017,9
Moldova,MDA,2018,6
Moldova,MDA,2019,5
Moldova,MDA,2020,16
Moldova,MDA,2021,13
Moldova,MDA,2022,26
Moldova,MDA,2023,15
Moldova,MDA,2024,16
Monaco,MCO,2017,3
Monaco,MCO,2018,1
Monaco,MCO,2019,1
Monaco,MCO,2020,2
Monaco,MCO,2021,1
Monaco,MCO,2022,2
Monaco,MCO,2023,1
Monaco,MCO,2024,1
Mongolia,MNG,2016,8
Mongolia,MNG,2017,12
Mongolia,MNG,2018,9
Mongolia,MNG,2019,15
Mongolia,MNG,2020,15
Mongolia,MNG,2021,36
Mongolia,MNG,2022,48
Mongolia,MNG,2023,31
Mongolia,MNG,2024,42
Montenegro,MNE,2016,13
Montenegro,MNE,2017,9
Montenegro,MNE,2018,14
Montenegro,MNE,2019,15
Montenegro,MNE,2020,30
Montenegro,MNE,2021,32
Montenegro,MNE,2022,33
Montenegro,MNE,2023,34
Montenegro,MNE,2024,43
Morocco,MAR,2016,487
Morocco,MAR,2017,602
Morocco,MAR,2018,669
Morocco,MAR,2019,723
Morocco,MAR,2020,927
Morocco,MAR,2021,1032
Morocco,MAR,2022,1047
Morocco,MAR,2023,1331
Morocco,MAR,2024,1540
Mozambique,MOZ,2016,3
Mozambique,MOZ,2018,1
Mozambique,MOZ,2019,5
Mozambique,MOZ,2020,6
Mozambique,MOZ,2021,9
Mozambique,MOZ,2022,6
Mozambique,MOZ,2023,16
Mozambique,MOZ,2024,15
Myanmar,MMR,2016,19
Myanmar,MMR,2017,46
Myanmar,MMR,2018,104
Myanmar,MMR,2019,134
Myanmar,MMR,2020,136
Myanmar,MMR,2021,54
Myanmar,MMR,2022,26
Myanmar,MMR,2023,72
Myanmar,MMR,2024,102
Namibia,NAM,2016,7
Namibia,NAM,2017,5
Namibia,NAM,2018,8
Namibia,NAM,2019,2
Namibia,NAM,2020,8
Namibia,NAM,2021,21
Namibia,NAM,2022,9
Namibia,NAM,2023,26
Namibia,NAM,2024,42
Nepal,NPL,2016,16
Nepal,NPL,2017,15
Nepal,NPL,2018,33
Nepal,NPL,2019,60
Nepal,NPL,2020,78
Nepal,NPL,2021,88
Nepal,NPL,2022,131
Nepal,NPL,2023,172
Nepal,NPL,2024,181
Netherlands,NLD,2016,1959
Netherlands,NLD,2017,1962
Netherlands,NLD,2018,2489
Netherlands,NLD,2019,2992
Netherlands,NLD,2020,3602
Netherlands,NLD,2021,4128
Netherlands,NLD,2022,3904
Netherlands,NLD,2023,4554
Netherlands,NLD,2024,3978
New Zealand,NZL,2016,488
New Zealand,NZL,2017,557
New Zealand,NZL,2018,567
New Zealand,NZL,2019,674
New Zealand,NZL,2020,770
New Zealand,NZL,2021,761
New Zealand,NZL,2022,779
New Zealand,NZL,2023,913
New Zealand,NZL,2024,906
Nicaragua,NIC,2016,2
Nicaragua,NIC,2017,1
Nicaragua,NIC,2019,3
Nicaragua,NIC,2020,3
Nicaragua,NIC,2021,4
Nicaragua,NIC,2022,2
Nicaragua,NIC,2023,1
Nicaragua,NIC,2024,1
Niger,NER,2016,1
Niger,NER,2019,2
Niger,NER,2022,5
Niger,NER,2023,3
Niger,NER,2024,5
Nigeria,NGA,2016,161
Nigeria,NGA,2017,229
Nigeria,NGA,2018,220
Nigeria,NGA,2019,437
Nigeria,NGA,2020,559
Nigeria,NGA,2021,777
Nigeria,NGA,2022,844
Nigeria,NGA,2023,1091
Nigeria,NGA,2024,1369
North America,OWID_NAM,2016,27117
North America,OWID_NAM,2017,30477
North America,OWID_NAM,2018,38058
North America,OWID_NAM,2019,47640
North America,OWID_NAM,2020,56601
North America,OWID_NAM,2021,61238
North America,OWID_NAM,2022,53030
North America,OWID_NAM,2023,61329
North America,OWID_NAM,2024,61115
North America and the Caribbean (CSET),,2016,26446
North America and the Caribbean (CSET),,2017,29680
North America and the Caribbean (CSET),,2018,36973
North America and the Caribbean (CSET),,2019,46327
North America and the Caribbean (CSET),,2020,54835
North America and the Caribbean (CSET),,2021,59218
North America and the Caribbean (CSET),,2022,51222
North America and the Caribbean (CSET),,2023,59263
North America and the Caribbean (CSET),,2024,59091
North Korea,PRK,2016,3
North Korea,PRK,2017,3
North Korea,PRK,2018,9
North Korea,PRK,2019,7
North Korea,PRK,2020,5
North Korea,PRK,2021,8
North Korea,PRK,2022,16
North Korea,PRK,2023,14
North Korea,PRK,2024,8
North Macedonia,MKD,2016,48
North Macedonia,MKD,2017,71
North Macedonia,MKD,2018,71
North Macedonia,MKD,2019,69
North Macedonia,MKD,2020,92
North Macedonia,MKD,2021,86
North Macedonia,MKD,2022,106
North Macedonia,MKD,2023,115
North Macedonia,MKD,2024,100
Norway,NOR,2016,546
Norway,NOR,2017,687
Norway,NOR,2018,837
Norway,NOR,2019,1029
Norway,NOR,2020,1284
Norway,NOR,2021,1663
Norway,NOR,2022,1719
Norway,NOR,2023,2022
Norway,NOR,2024,1774
Oceania,OWID_OCE,2016,3578
Oceania,OWID_OCE,2017,3814
Oceania,OWID_OCE,2018,4619
Oceania,OWID_OCE,2019,5707
Oceania,OWID_OCE,2020,6872
Oceania,OWID_OCE,2021,7575
Oceania,OWID_OCE,2022,7161
Oceania,OWID_OCE,2023,8740
Oceania,OWID_OCE,2024,8572
Oceania (CSET),,2016,3543
Oceania (CSET),,2017,3767
Oceania (CSET),,2018,4567
Oceania (CSET),,2019,5643
Oceania (CSET),,2020,6813
Oceania (CSET),,2021,7491
Oceania (CSET),,2022,7063
Oceania (CSET),,2023,8613
Oceania (CSET),,2024,8450
Oman,OMN,2016,51
Oman,OMN,2017,49
Oman,OMN,2018,76
Oman,OMN,2019,96
Oman,OMN,2020,117
Oman,OMN,2021,189
Oman,OMN,2022,253
Oman,OMN,2023,404
Oman,OMN,2024,595
Pakistan,PAK,2016,659
Pakistan,PAK,2017,858
Pakistan,PAK,2018,1163
Pakistan,PAK,2019,1682
Pakistan,PAK,2020,1975
Pakistan,PAK,2021,2769
Pakistan,PAK,2022,3216
Pakistan,PAK,2023,3500
Pakistan,PAK,2024,3469
Palau,PLW,2019,1
Panama,PAN,2016,8
Panama,PAN,2017,13
Panama,PAN,2018,19
Panama,PAN,2019,19
Panama,PAN,2020,17
Panama,PAN,2021,21
Panama,PAN,2022,39
Panama,PAN,2023,25
Panama,PAN,2024,29
Papua New Guinea,PNG,2016,1
Papua New Guinea,PNG,2017,1
Papua New Guinea,PNG,2018,5
Papua New Guinea,PNG,2019,8
Papua New Guinea,PNG,2020,7
Papua New Guinea,PNG,2021,14
Papua New Guinea,PNG,2022,12
Papua New Guinea,PNG,2023,16
Papua New Guinea,PNG,2024,19
Paraguay,PRY,2016,21
Paraguay,PRY,2017,13
Paraguay,PRY,2018,22
Paraguay,PRY,2019,20
Paraguay,PRY,2020,27
Paraguay,PRY,2021,42
Paraguay,PRY,2022,21
Paraguay,PRY,2023,24
Paraguay,PRY,2024,15
Peru,PER,2016,87
Peru,PER,2017,121
Peru,PER,2018,159
Peru,PER,2019,217
Peru,PER,2020,292
Peru,PER,2021,354
Peru,PER,2022,371
Peru,PER,2023,534
Peru,PER,2024,471
Philippines,PHL,2016,113
Philippines,PHL,2017,189
Philippines,PHL,2018,325
Philippines,PHL,2019,454
Philippines,PHL,2020,445
Philippines,PHL,2021,537
Philippines,PHL,2022,742
Philippines,PHL,2023,988
Philippines,PHL,2024,1133
Poland,POL,2016,1834
Poland,POL,2017,1901
Poland,POL,2018,1996
Poland,POL,2019,1954
Poland,POL,2020,2000
Poland,POL,2021,2274
Poland,POL,2022,2121
Poland,POL,2023,2582
Poland,POL,2024,2346
Portugal,PRT,2016,1102
Portugal,PRT,2017,1160
Portugal,PRT,2018,1263
Portugal,PRT,2019,1496
Portugal,PRT,2020,1463
Portugal,PRT,2021,1805
Portugal,PRT,2022,1796
Portugal,PRT,2023,2013
Portugal,PRT,2024,1927
Qatar,QAT,2016,223
Qatar,QAT,2017,218
Qatar,QAT,2018,266
Qatar,QAT,2019,296
Qatar,QAT,2020,420
Qatar,QAT,2021,481
Qatar,QAT,2022,551
Qatar,QAT,2023,694
Qatar,QAT,2024,635
Romania,ROU,2016,842
Romania,ROU,2017,827
Romania,ROU,2018,933
Romania,ROU,2019,1126
Romania,ROU,2020,1282
Romania,ROU,2021,1296
Romania,ROU,2022,1220
Romania,ROU,2023,1328
Romania,ROU,2024,1328
Russia,RUS,2016,1728
Russia,RUS,2017,2216
Russia,RUS,2018,2867
Russia,RUS,2019,3901
Russia,RUS,2020,4391
Russia,RUS,2021,4881
Russia,RUS,2022,3669
Russia,RUS,2023,3641
Russia,RUS,2024,3419
Rwanda,RWA,2016,4
Rwanda,RWA,2017,3
Rwanda,RWA,2018,3
Rwanda,RWA,2019,14
Rwanda,RWA,2020,33
Rwanda,RWA,2021,41
Rwanda,RWA,2022,52
Rwanda,RWA,2023,114
Rwanda,RWA,2024,92
Saint Kitts and Nevis,KNA,2020,1
Saint Kitts and Nevis,KNA,2021,2
Saint Kitts and Nevis,KNA,2023,4
Saint Kitts and Nevis,KNA,2024,11
Saint Lucia,LCA,2017,1
Saint Lucia,LCA,2020,1
Saint Lucia,LCA,2021,1
Saint Lucia,LCA,2023,5
Saint Lucia,LCA,2024,78
Saint Vincent and the Grenadines,VCT,2023,1
Samoa,WSM,2023,3
Samoa,WSM,2024,1
San Marino,SMR,2017,1
San Marino,SMR,2018,1
San Marino,SMR,2020,2
San Marino,SMR,2021,1
San Marino,SMR,2022,1
San Marino,SMR,2024,1
Sao Tome and Principe,STP,2022,1
Saudi Arabia,SAU,2016,667
Saudi Arabia,SAU,2017,788
Saudi Arabia,SAU,2018,1029
Saudi Arabia,SAU,2019,1589
Saudi Arabia,SAU,2020,2341
Saudi Arabia,SAU,2021,3307
Saudi Arabia,SAU,2022,4784
Saudi Arabia,SAU,2023,5226
Saudi Arabia,SAU,2024,5488
Senegal,SEN,2016,10
Senegal,SEN,2017,18
Senegal,SEN,2018,30
Senegal,SEN,2019,31
Senegal,SEN,2020,47
Senegal,SEN,2021,39
Senegal,SEN,2022,42
Senegal,SEN,2023,71
Senegal,SEN,2024,65
Serbia,SRB,2016,247
Serbia,SRB,2017,260
Serbia,SRB,2018,272
Serbia,SRB,2019,344
Serbia,SRB,2020,346
Serbia,SRB,2021,459
Serbia,SRB,2022,531
Serbia,SRB,2023,540
Serbia,SRB,2024,537
Seychelles,SYC,2018,1
Seychelles,SYC,2022,1
Sierra Leone,SLE,2017,1
Sierra Leone,SLE,2019,3
Sierra Leone,SLE,2020,3
Sierra Leone,SLE,2021,3
Sierra Leone,SLE,2022,2
Sierra Leone,SLE,2023,3
Sierra Leone,SLE,2024,6
Singapore,SGP,2016,1654
Singapore,SGP,2017,1698
Singapore,SGP,2018,2075
Singapore,SGP,2019,2454
Singapore,SGP,2020,2904
Singapore,SGP,2021,3430
Singapore,SGP,2022,3396
Singapore,SGP,2023,4553
Singapore,SGP,2024,4463
Slovakia,SVK,2016,276
Slovakia,SVK,2017,220
Slovakia,SVK,2018,292
Slovakia,SVK,2019,369
Slovakia,SVK,2020,369
Slovakia,SVK,2021,419
Slovakia,SVK,2022,454
Slovakia,SVK,2023,475
Slovakia,SVK,2024,395
Slovenia,SVN,2016,205
Slovenia,SVN,2017,233
Slovenia,SVN,2018,257
Slovenia,SVN,2019,297
Slovenia,SVN,2020,342
Slovenia,SVN,2021,428
Slovenia,SVN,2022,359
Slovenia,SVN,2023,424
Slovenia,SVN,2024,399
Somalia,SOM,2018,2
Somalia,SOM,2019,4
Somalia,SOM,2020,2
Somalia,SOM,2021,7
Somalia,SOM,2022,4
Somalia,SOM,2023,10
Somalia,SOM,2024,28
South Africa,ZAF,2016,358
South Africa,ZAF,2017,320
South Africa,ZAF,2018,403
South Africa,ZAF,2019,511
South Africa,ZAF,2020,729
South Africa,ZAF,2021,833
South Africa,ZAF,2022,845
South Africa,ZAF,2023,1119
South Africa,ZAF,2024,1117
South America,OWID_SAM,2016,3268
South America,OWID_SAM,2017,3720
South America,OWID_SAM,2018,4719
South America,OWID_SAM,2019,5350
South America,OWID_SAM,2020,6174
South America,OWID_SAM,2021,6500
South America,OWID_SAM,2022,5378
South America,OWID_SAM,2023,6281
South America,OWID_SAM,2024,5855
South Korea,KOR,2016,3110
South Korea,KOR,2017,3435
South Korea,KOR,2018,4305
South Korea,KOR,2019,5264
South Korea,KOR,2020,6842
South Korea,KOR,2021,8354
South Korea,KOR,2022,8830
South Korea,KOR,2023,10315
South Korea,KOR,2024,10265
South Sudan,SSD,2022,1
South Sudan,SSD,2024,1
South and Central America (CSET),,2016,3163
South and Central America (CSET),,2017,3664
South and Central America (CSET),,2018,4663
South and Central America (CSET),,2019,5256
South and Central America (CSET),,2020,6053
South and Central America (CSET),,2021,6334
South and Central America (CSET),,2022,5293
South and Central America (CSET),,2023,6150
South and Central America (CSET),,2024,5674
Spain,ESP,2016,3112
Spain,ESP,2017,3504
Spain,ESP,2018,3779
Spain,ESP,2019,4377
Spain,ESP,2020,4768
Spain,ESP,2021,5319
Spain,ESP,2022,5188
Spain,ESP,2023,5882
Spain,ESP,2024,5552
Sri Lanka,LKA,2016,125
Sri Lanka,LKA,2017,179
Sri Lanka,LKA,2018,249
Sri Lanka,LKA,2019,291
Sri Lanka,LKA,2020,424
Sri Lanka,LKA,2021,566
Sri Lanka,LKA,2022,556
Sri Lanka,LKA,2023,590
Sri Lanka,LKA,2024,637
Sudan,SDN,2016,45
Sudan,SDN,2017,62
Sudan,SDN,2018,65
Sudan,SDN,2019,66
Sudan,SDN,2020,53
Sudan,SDN,2021,97
Sudan,SDN,2022,81
Sudan,SDN,2023,89
Sudan,SDN,2024,79
Suriname,SUR,2021,1
Sweden,SWE,2016,1106
Sweden,SWE,2017,1144
Sweden,SWE,2018,1318
Sweden,SWE,2019,1635
Sweden,SWE,2020,2110
Sweden,SWE,2021,2303
Sweden,SWE,2022,2381
Sweden,SWE,2023,2691
Sweden,SWE,2024,2519
Switzerland,CHE,2016,1475
Switzerland,CHE,2017,1716
Switzerland,CHE,2018,2087
Switzerland,CHE,2019,2519
Switzerland,CHE,2020,3154
Switzerland,CHE,2021,3645
Switzerland,CHE,2022,3633
Switzerland,CHE,2023,3815
Switzerland,CHE,2024,3310
Syria,SYR,2016,15
Syria,SYR,2017,10
Syria,SYR,2018,19
Syria,SYR,2019,28
Syria,SYR,2020,45
Syria,SYR,2021,53
Syria,SYR,2022,63
Syria,SYR,2023,67
Syria,SYR,2024,78
Taiwan,TWN,2016,1578
Taiwan,TWN,2017,1647
Taiwan,TWN,2018,1987
Taiwan,TWN,2019,2622
Taiwan,TWN,2020,3086
Taiwan,TWN,2021,3672
Taiwan,TWN,2022,3779
Taiwan,TWN,2023,4098
Taiwan,TWN,2024,4012
Tajikistan,TJK,2018,2
Tajikistan,TJK,2019,4
Tajikistan,TJK,2020,5
Tajikistan,TJK,2021,8
Tajikistan,TJK,2022,3
Tajikistan,TJK,2023,5
Tajikistan,TJK,2024,7
Tanzania,TZA,2016,10
Tanzania,TZA,2017,16
Tanzania,TZA,2018,4
Tanzania,TZA,2019,21
Tanzania,TZA,2020,36
Tanzania,TZA,2021,52
Tanzania,TZA,2022,82
Tanzania,TZA,2023,97
Tanzania,TZA,2024,83
Thailand,THA,2016,585
Thailand,THA,2017,655
Thailand,THA,2018,799
Thailand,THA,2019,898
Thailand,THA,2020,870
Thailand,THA,2021,1173
Thailand,THA,2022,1357
Thailand,THA,2023,1586
Thailand,THA,2024,1812
Togo,TGO,2020,3
Togo,TGO,2021,5
Togo,TGO,2022,5
Togo,TGO,2023,7
Togo,TGO,2024,8
Tonga,TON,2020,1
Tonga,TON,2021,1
Tonga,TON,2023,1
Tonga,TON,2024,2
Trinidad and Tobago,TTO,2016,8
Trinidad and Tobago,TTO,2017,5
Trinidad and Tobago,TTO,2018,5
Trinidad and Tobago,TTO,2019,14
Trinidad and Tobago,TTO,2020,22
Trinidad and Tobago,TTO,2021,19
Trinidad and Tobago,TTO,2022,27
Trinidad and Tobago,TTO,2023,34
Trinidad and Tobago,TTO,2024,32
Tunisia,TUN,2016,774
Tunisia,TUN,2017,702
Tunisia,TUN,2018,670
Tunisia,TUN,2019,619
Tunisia,TUN,2020,764
Tunisia,TUN,2021,790
Tunisia,TUN,2022,793
Tunisia,TUN,2023,939
Tunisia,TUN,2024,930
Turkey,TUR,2016,1519
Turkey,TUR,2017,1793
Turkey,TUR,2018,2158
Turkey,TUR,2019,2381
Turkey,TUR,2020,2863
Turkey,TUR,2021,3630
Turkey,TUR,2022,3934
Turkey,TUR,2023,4608
Turkey,TUR,2024,4962
Turkmenistan,TKM,2023,3
Turkmenistan,TKM,2024,3
Uganda,UGA,2016,8
Uganda,UGA,2017,13
Uganda,UGA,2018,24
Uganda,UGA,2019,21
Uganda,UGA,2020,35
Uganda,UGA,2021,45
Uganda,UGA,2022,53
Uganda,UGA,2023,103
Uganda,UGA,2024,139
Ukraine,UKR,2016,424
Ukraine,UKR,2017,530
Ukraine,UKR,2018,740
Ukraine,UKR,2019,916
Ukraine,UKR,2020,1158
Ukraine,UKR,2021,1075
Ukraine,UKR,2022,993
Ukraine,UKR,2023,1421
Ukraine,UKR,2024,1251
United Arab Emirates,ARE,2016,283
United Arab Emirates,ARE,2017,380
United Arab Emirates,ARE,2018,520
United Arab Emirates,ARE,2019,745
United Arab Emirates,ARE,2020,1030
United Arab Emirates,ARE,2021,1395
United Arab Emirates,ARE,2022,1766
United Arab Emirates,ARE,2023,2590
United Arab Emirates,ARE,2024,2718
United Kingdom,GBR,2016,6936
United Kingdom,GBR,2017,7657
United Kingdom,GBR,2018,9084
United Kingdom,GBR,2019,10899
United Kingdom,GBR,2020,13036
United Kingdom,GBR,2021,14541
United Kingdom,GBR,2022,13666
United Kingdom,GBR,2023,16604
United Kingdom,GBR,2024,15494
United States,USA,2016,22475
United States,USA,2017,25546
United States,USA,2018,32045
United States,USA,2019,40074
United States,USA,2020,47482
United States,USA,2021,50813
United States,USA,2022,43752
United States,USA,2023,50621
United States,USA,2024,50810
Uruguay,URY,2016,32
Uruguay,URY,2017,39
Uruguay,URY,2018,37
Uruguay,URY,2019,48
Uruguay,URY,2020,57
Uruguay,URY,2021,80
Uruguay,URY,2022,65
Uruguay,URY,2023,73
Uruguay,URY,2024,78
Uzbekistan,UZB,2016,5
Uzbekistan,UZB,2017,11
Uzbekistan,UZB,2018,13
Uzbekistan,UZB,2019,67
Uzbekistan,UZB,2020,108
Uzbekistan,UZB,2021,218
Uzbekistan,UZB,2022,175
Uzbekistan,UZB,2023,312
Uzbekistan,UZB,2024,481
Vanuatu,VUT,2024,1
Vatican,VAT,2018,1
Vatican,VAT,2019,1
Vatican,VAT,2021,4
Vatican,VAT,2022,1
Vatican,VAT,2024,1
Venezuela,VEN,2016,51
Venezuela,VEN,2017,64
Venezuela,VEN,2018,45
Venezuela,VEN,2019,65
Venezuela,VEN,2020,41
Venezuela,VEN,2021,49
Venezuela,VEN,2022,45
Venezuela,VEN,2023,32
Venezuela,VEN,2024,45
Vietnam,VNM,2016,561
Vietnam,VNM,2017,533
Vietnam,VNM,2018,702
Vietnam,VNM,2019,1088
Vietnam,VNM,2020,1472
Vietnam,VNM,2021,1766
Vietnam,VNM,2022,1741
Vietnam,VNM,2023,2001
Vietnam,VNM,2024,1831
World,OWID_WRL,2016,138511
World,OWID_WRL,2017,154860
World,OWID_WRL,2018,191092
World,OWID_WRL,2019,235135
World,OWID_WRL,2020,277943
World,OWID_WRL,2021,330919
World,OWID_WRL,2022,335747
World,OWID_WRL,2023,407135
World,OWID_WRL,2024,423018
Yemen,YEM,2016,38
Yemen,YEM,2017,31
Yemen,YEM,2018,33
Yemen,YEM,2019,70
Yemen,YEM,2020,87
Yemen,YEM,2021,173
Yemen,YEM,2022,204
Yemen,YEM,2023,207
Yemen,YEM,2024,187
Zambia,ZMB,2016,1
Zambia,ZMB,2017,3
Zambia,ZMB,2018,4
Zambia,ZMB,2019,17
Zambia,ZMB,2020,10
Zambia,ZMB,2021,17
Zambia,ZMB,2022,19
Zambia,ZMB,2023,41
Zambia,ZMB,2024,24
Zimbabwe,ZWE,2016,8
Zimbabwe,ZWE,2017,6
Zimbabwe,ZWE,2018,12
Zimbabwe,ZWE,2019,14
Zimbabwe,ZWE,2020,15
Zimbabwe,ZWE,2021,19
Zimbabwe,ZWE,2022,26
Zimbabwe,ZWE,2023,56
Zimbabwe,ZWE,2024,48